Origin,Fork_Count,Total_Commits,PR_Commits,Fork_Only_Commits,PR_Coverage_Pct,PR_Count
gcc-mirror/gcc,4389,250744,187,250557,0.01,7
bitcoin/bitcoin,31685,226926,25175,201751,10.9,10407
openwrt/openwrt,10035,190171,5781,184390,2.33,1751
TrinityCore/TrinityCore,5528,173326,2921,170405,0.72,247
git/git,23785,131249,764,130485,0.06,31
qemu/qemu,4924,98893,599,98294,0.44,28
raspberrypi/linux,4956,83992,4111,79881,3.81,683
godotengine/godot,23823,81625,10373,71252,11.13,8154
microsoft/WSL2-Linux-Kernel,1256,80564,135,80429,0.0,6
ArduPilot/ardupilot,19026,79782,23580,56202,27.93,5553
xbmc/xbmc,5842,79053,10990,68063,12.74,4147
microsoft/onnxruntime,3482,77128,71653,5475,19.89,13846
tensorflow/tensorflow,89889,68369,50526,17843,25.98,44356
zephyrproject-rtos/zephyr,7910,68326,10515,57811,11.4,4812
OSGeo/gdal,2740,64701,11561,53140,15.25,5724
flipperdevices/flipperzero-firmware,2331,61941,14261,47680,2.07,2188
electron/electron,17526,56115,54118,1997,1.19,21192
micropython/micropython,6330,52731,6446,46285,11.87,2361
PX4/PX4-Autopilot,13805,50580,36389,14191,7.17,11702
coolsnowwolf/lede,19595,49202,400,48802,0.81,252
MarlinFirmware/Marlin,15844,48453,15650,32803,28.74,4318
blender/blender,2639,44123,0,44123,0.0,0
o3de/o3de,2382,42547,38207,4340,89.64,8946
qmk/qmk_firmware,37434,39663,15034,24629,30.78,3344
swiftlang/swift,10722,37936,21468,16468,37.91,8922
ClickHouse/ClickHouse,7887,34488,0,34488,0.0,0
qgis/QGIS,3274,34137,32732,1405,94.33,11631
project-chip/connectedhomeip,2163,32320,22679,9641,15.36,6008
zcash/zcash,1595,31224,5068,26156,11.73,1188
ggml-org/llama.cpp,12218,28678,11386,17292,19.73,3121
u-boot/u-boot,3122,28426,16,28410,0.0,10
cyberbotics/webots,1859,27474,24951,2523,3.44,4346
pret/pokeemerald,1341,27229,1716,25513,5.94,473
PixarAnimationStudios/OpenUSD,1298,26396,1066,25330,3.94,619
iree-org/iree,805,25750,11059,14691,1.22,4991
Klipper3d/klipper,5372,24343,2385,21958,4.35,622
reactos/reactos,2022,24148,2205,21943,3.98,535
wine-mirror/wine,1073,24083,65,24018,0.15,3
emscripten-core/emscripten,3511,23605,17860,5745,39.23,7828
facebook/react-native,25063,22643,4659,17984,4.16,1940
ceph/ceph,6052,21722,0,21722,0.0,0
esphome/esphome,4339,21598,18464,3134,48.81,5143
EOSIO/eos,3457,21500,18288,3212,7.75,4593
netdata/netdata,6310,21400,12545,8855,48.26,4087
hrydgard/ppsspp,2320,21327,19524,1803,84.88,6286
monero-project/monero,3515,20807,4887,15920,23.18,2817
ethereum-mining/ethminer,2117,20582,1221,19361,0.39,469
mapbox/mapbox-gl-native,1297,19382,19301,81,27.68,7805
FreeCAD/FreeCAD,4896,18898,6838,12060,33.91,2508
libsdl-org/SDL,2355,18876,1976,16900,10.34,830
argotorg/solidity,6491,18850,15286,3564,6.99,6807
systemd/systemd,4147,17786,13668,4118,76.32,4536
openssl/openssl,5800,17568,4333,13235,16.15,931
openzfs/zfs,1792,17116,3820,13296,21.54,2142
PCSX2/pcsx2,1870,16697,6169,10528,10.86,2663
OISF/suricata,1579,16000,10506,5494,41.68,1773
cocos2d/cocos2d-x,6659,15466,10578,4888,66.42,3446
openscenegraph/OpenSceneGraph,1383,15113,299,14814,0.52,38
microsoft/terminal,9390,14865,14346,519,5.46,3235
official-stockfish/Stockfish,2615,14755,1648,13107,10.26,574
envoyproxy/envoy,5105,14381,9417,4964,5.65,5360
RPCS3/rpcs3,2128,14267,12069,2198,84.11,4459
opencv/opencv,56050,13891,10608,3283,75.47,3526
FRRouting/frr,1379,13750,10137,3613,63.58,4703
dolphin-emu/dolphin,2498,13621,1688,11933,8.97,442
b4winckler/macvim,331,13481,126,13355,0.72,11
MaaAssistantArknights/MaaAssistantArknights,2429,13467,13466,1,50.0,2036
ElementsProject/lightning,945,13339,3354,9985,19.99,776
radareorg/radare2,3173,13246,13144,102,4.67,5657
protocolbuffers/protobuf,16030,13183,13020,163,14.66,11779
prusa3d/PrusaSlicer,1536,12901,829,12072,1.54,122
Tencent/ncnn,4265,12891,6388,6503,45.71,1176
isl-org/Open3D,2429,12232,8686,3546,4.39,1618
FFmpeg/FFmpeg,11583,12155,1102,11053,1.98,53
mamedev/mame,2095,12058,2884,9174,12.47,640
php/php-src,8066,11899,4344,7555,30.68,1212
meshtastic/firmware,1710,11134,9849,1285,58.22,2801
rathena/rathena,2518,10642,8790,1852,4.63,2520
betaflight/betaflight,3357,10619,2036,8583,7.06,543
uxlfoundation/oneDNN,1013,10565,4663,5902,3.48,1769
obsproject/obs-studio,8979,10439,1323,9116,7.56,414
kuzudb/kuzu,339,10318,10317,1,0.0,3789
nanocurrency/nano-node,743,10066,1725,8341,0.69,438
facebookincubator/velox,1214,10021,755,9266,1.62,505
chromium/chromium,7730,9986,357,9629,2.13,38
BVLC/caffe,13911,9874,2547,7327,22.02,480
contiki-os/contiki,2167,9853,800,9053,8.04,321
shadps4-emu/shadPS4,1559,9828,3766,6062,13.54,678
openframeworks/openFrameworks,2503,9494,4558,4936,45.45,986
curl/curl,7079,9298,8930,368,8.0,5383
CleverRaven/Cataclysm-DDA,4433,9259,6816,2443,48.87,2653
google/filament,2099,9231,9006,225,0.0,5237
redis/redis,18245,8985,2421,6564,18.18,357
telegramdesktop/tdesktop,5685,8850,802,8048,2.47,221
carla-simulator/carla,4221,8837,8084,753,6.46,1681
apache/mesos,1630,8783,193,8590,0.02,19
transmission/transmission,1298,8725,8427,298,7.17,1831
xenia-project/xenia,985,8603,492,8111,3.68,179
ValveSoftware/Proton,972,8592,417,8175,3.83,22
espressif/arduino-esp32,7614,8249,4819,3430,27.64,1163
ValveSoftware/source-sdk-2013,2488,8185,216,7969,2.64,38
deskflow/deskflow,2503,8126,6299,1827,7.26,1345
wled/WLED,3504,8095,2318,5777,10.03,346
aws/amazon-freertos,1025,8069,3875,4194,1.8,1094
openscad/openscad,1373,7862,5247,2615,19.66,1239
ARMmbed/mbed-os,2820,7845,5035,2810,12.21,513
arendst/Tasmota,4839,7826,2754,5072,28.99,1005
NixOS/nix,1766,7759,5346,2413,40.06,2418
zeek/zeek,1267,7750,7498,252,0.0,2687
postgres/postgres,5045,7739,452,7287,2.04,16
esp8266/Arduino,13125,7675,2583,5092,28.61,726
iNavFlight/inav,1657,7617,7216,401,6.96,2422
ihhub/fheroes2,437,7572,7421,151,38.37,2721
trustwallet/wallet-core,1890,7553,7265,288,8.28,1412
apache/arrow,3844,7518,4561,2957,51.77,1190
winsiderss/systeminformer,1569,7503,406,7097,0.74,87
Project-OSRM/osrm-backend,3823,7354,6343,1011,2.98,1733
arvidn/libtorrent,1085,7351,7333,18,18.18,3480
google/perfetto,638,7324,6990,334,0.0,2617
cleanflight/cleanflight,1319,7268,3362,3906,0.91,330
RobotLocomotion/drake,1264,7199,4154,3045,55.36,1700
blackmagic-debug/blackmagic,770,7082,3549,3533,21.61,645
LuaJIT/LuaJIT,972,6800,285,6515,3.85,69
letscontrolit/ESPEasy,600,6752,5006,1746,72.86,1145
fluent/fluent-bit,1779,6707,6643,64,1.54,2175
GarageGames/Torque3D,1161,6556,1515,5041,20.45,648
musescore/MuseScore,2960,6549,4433,2116,62.91,2519
taichi-dev/taichi,2402,6540,5358,1182,68.89,1448
SFML/SFML,1880,6360,1791,4569,3.57,1066
verilator/verilator,698,6300,3171,3129,47.95,755
libgit2/libgit2,2494,6174,5283,891,38.68,1430
duckdb/duckdb,2718,6135,4094,2041,2.95,421
mavlink/qgroundcontrol,4312,6059,4803,1256,18.86,1735
rizonesoft/Notepad3,368,6056,5149,907,84.66,1565
microsoft/STL,1627,6027,5998,29,99.5,871
tianocore/edk2,2653,5986,1007,4979,11.72,375
abrasive/shairport,478,5894,102,5792,1.23,5
Simple-XX/SimpleKernel,419,5880,1136,4744,17.38,140
chocolate-doom/chocolate-doom,424,5819,579,5240,6.16,114
h2o/h2o,891,5819,5693,126,0.0,1215
doitsujin/dxvk,976,5812,2211,3601,13.87,609
diasurgical/DevilutionX,914,5811,4314,1497,58.82,2158
The-Powder-Toy/The-Powder-Toy,779,5807,246,5561,3.39,48
zmkfirmware/zmk,2811,5794,1954,3840,27.68,996
randombit/botan,617,5719,5091,628,60.92,2547
melonDS-emu/melonDS,555,5707,945,4762,3.66,73
HansKristian-Work/vkd3d-proton,250,5615,4427,1188,51.15,1547
RIOT-OS/RIOT,1908,5452,2605,2847,44.77,683
LizardByte/Sunshine,1534,5302,3337,1965,10.64,1800
facebook/rocksdb,6305,5287,724,4563,7.63,149
id-Software/Quake-III-Arena,1268,5214,90,5124,1.73,3
sysown/proxysql,992,5183,5179,4,0.0,1215
openssh/openssh-portable,1478,5177,301,4876,4.97,18
immortalwrt/immortalwrt,2189,5116,178,4938,2.76,44
Kitware/CMake,2529,5066,125,4941,1.81,7
apache/mxnet,6537,4987,3261,1726,55.24,849
grpc/grpc,11350,4958,4849,109,0.0,3072
BasedHardware/omi,1110,4933,4932,1,50.0,1659
dogecoin/dogecoin,3083,4927,2128,2799,39.66,801
86Box/86Box,434,4872,1794,3078,3.54,687
spdk/spdk,1166,4829,193,4636,1.95,15
manticoresoftware/manticoresearch,636,4764,4762,2,50.0,1282
opa334/Dopamine,500,4723,129,4594,2.67,23
v8/v8,4235,4686,104,4582,0.02,46
YosysHQ/yosys,941,4615,4353,262,50.1,1354
ethereum/aleth,1779,4613,4205,408,15.88,1198
azerothcore/azerothcore-wotlk,2622,4591,2010,2581,20.29,589
SynoCommunity/spksrc,1192,4572,3268,1304,69.78,988
stellar/stellar-core,1105,4556,3542,1014,76.02,1072
libretro/RetroArch,1881,4540,2799,1741,42.31,1141
ossrs/srs,5227,4529,1188,3341,18.95,224
k2-fsa/sherpa-onnx,1020,4515,4094,421,90.66,1252
bvschaik/julius,198,4510,571,3939,6.73,70
nasa/fprime,1469,4438,2814,1624,54.01,627
OpenRCT2/OpenRCT2,1718,4423,3178,1245,63.93,749
AFLplusplus/AFLplusplus,1202,4366,4214,152,0.0,466
XRPLF/rippled,1688,4343,4214,129,24.56,699
OpenMW/openmw,773,4298,351,3947,2.11,82
hathach/tinyusb,1251,4296,3997,299,28.81,738
amnezia-vpn/amnezia-client,635,4270,4088,182,15.35,986
FWGS/xash3d-fwgs,314,4188,986,3202,7.46,157
vcmi/vcmi,569,4135,3960,175,67.59,737
llvm-mirror/clang,1483,4092,130,3962,1.49,5
harfbuzz/harfbuzz,695,4035,3997,38,0.0,1334
Proxmark/proxmark3,783,3980,994,2986,23.12,299
facebook/zstd,2447,3974,3948,26,77.19,855
VowpalWabbit/vowpal_wabbit,1915,3908,3288,620,68.51,583
coreboot/coreboot,542,3869,76,3793,1.61,10
supercollider/supercollider,776,3850,2810,1040,12.9,411
irungentoo/toxcore,990,3839,223,3616,3.88,39
ExpressLRS/ExpressLRS,1164,3837,2750,1087,11.84,605
openmv/openmv,1187,3770,3358,412,75.74,2079
versatica/mediasoup,1182,3761,3392,369,51.32,664
flutter/engine,5885,3730,3407,323,46.96,2126
OpenXRay/xray-16,482,3614,956,2658,1.74,404
mapnik/mapnik,815,3544,2170,1374,19.41,461
tildearrow/furnace,273,3537,1102,2435,9.31,203
SanderMertens/flecs,595,3522,2136,1386,14.39,615
juce-framework/JUCE,1854,3502,236,3266,3.23,28
id-Software/DOOM-3-BFG,1080,3500,65,3435,1.86,3
colmap/colmap,1773,3492,3465,27,15.63,734
turanszkij/WickedEngine,700,3482,3383,99,47.62,613
FluidSynth/fluidsynth,275,3434,2720,714,8.46,466
Z3Prover/z3,1550,3323,1412,1911,2.0,358
keepassx/keepassx,588,3313,57,3256,1.54,8
AdAway/AdAway,652,3283,3260,23,72.94,2100
meetecho/janus-gateway,1800,3263,1989,1274,2.0,452
FreeRDP/FreeRDP,24801,3249,2466,783,70.59,238
memcached/memcached,3254,3182,599,2583,18.77,188
OrcaSlicer/OrcaSlicer,1516,3182,1162,2020,9.42,274
mpc-hc/mpc-hc,1376,3119,211,2908,4.72,34
Tencent/TNN,758,3094,2916,178,0.0,575
assimp/assimp,3037,3078,2881,197,1.99,849
DarkFlippers/unleashed-firmware,1760,3051,427,2624,9.17,60
xmrig/xmrig,3729,3051,579,2472,6.29,79
mruby/mruby,801,3035,449,2586,6.3,267
cinder/Cinder,922,2985,1310,1675,28.66,351
collectd/collectd,1178,2961,1652,1309,52.69,359
Mbed-TLS/mbedtls,2599,2928,803,2125,4.75,116
flame/blis,351,2909,725,2184,4.59,162
ggml-org/ggml,1428,2863,2208,655,4.8,240
bjornbytes/lovr,164,2862,1159,1703,14.42,247
dmlc/xgboost,8430,2861,1636,1225,22.86,781
lvgl/lvgl,3904,2733,1754,979,54.82,698
tomojitakasu/RTKLIB,1314,2698,120,2578,2.94,8
pjreddie/darknet,12084,2673,214,2459,5.5,16
erincatto/box2d,1643,2658,584,2074,1.43,121
jomjol/AI-on-the-edge-device,801,2648,2273,375,16.85,471
fastfetch-cli/fastfetch,634,2635,2633,2,0.0,153
PaddlePaddle/Paddle-Lite,1630,2615,781,1834,6.24,214
joyent/libuv,648,2607,104,2503,0.04,24
openwall/john,2387,2597,1520,1077,37.57,707
Atmosphere-NX/Atmosphere,1283,2590,1256,1334,4.99,94
pocoproject/poco,2287,2573,1904,669,0.89,314
sonic-pi-net/sonic-pi,974,2551,334,2217,0.0,46
diasurgical/devilution,916,2511,1801,710,59.66,877
espressif/esp-idf,7853,2438,645,1793,1.43,43
kamailio/kamailio,1016,2421,895,1526,1.61,463
keepassxreboot/keepassxc,1684,2413,2350,63,82.74,1100
osquery/osquery,2579,2395,1971,424,75.36,913
microsoft/react-native-code-push,1487,2384,1715,669,5.51,552
Qv2ray/Qv2ray,3286,2347,2341,6,14.29,324
gqrx-sdr/gqrx,569,2330,298,2032,6.92,140
redcanaryco/atomic-red-team,2951,2300,2092,208,36.2,826
Vhonowslend/StreamFX-Public,3222,2245,2204,41,0.0,486
SerenityOS/serenity,3407,2228,1504,724,66.79,590
HarbourMasters/Shipwright,554,2187,1625,562,61.77,386
lballabio/QuantLib,2064,2169,1209,960,1.44,606
LMMS/lmms,1125,2162,1002,1160,0.0,151
brunodev85/winlator,795,2140,55,2085,2.57,7
WebAssembly/wabt,749,2135,1911,224,0.0,1104
stm32duino/Arduino_Core_STM32,1021,2135,2012,123,94.12,612
lightvector/KataGo,630,2130,388,1742,4.39,58
ton-blockchain/ton,1311,2122,1442,680,16.46,265
nlohmann/json,7541,2117,2078,39,0.0,505
intel/hyperscan,645,2114,68,2046,3.13,5
mozilla/DeepSpeech,4093,2108,1392,716,1.38,508
Croteam-official/Serious-Engine,323,2102,41,2061,1.95,12
RT-Thread/rt-thread,5214,2100,1798,302,78.05,673
pjsip/pjproject,878,2076,2063,13,0.0,810
cashapp/zipline,194,2053,2048,5,0.0,1319
mapeditor/tiled,1807,2050,304,1746,0.34,102
ValveSoftware/halflife,659,2038,85,1953,3.65,33
earlephilhower/arduino-pico,510,1982,1898,84,56.48,869
zerotier/ZeroTierOne,1864,1982,1217,765,0.52,317
mydumper/mydumper,476,1970,1885,85,27.97,706
Provenance-Emu/Provenance,704,1966,1753,213,0.0,335
arut/nginx-rtmp-module,3195,1966,45,1921,0.62,7
OpenSC/OpenSC,771,1965,1487,478,74.95,468
bol-van/zapret,1045,1962,31,1931,1.58,3
boostorg/beast,697,1950,1927,23,97.55,275
TigerVNC/tigervnc,1095,1942,1160,782,59.61,149
Tencent/Hippy,987,1938,376,1562,2.25,156
ocornut/imgui,10999,1927,230,1697,6.76,42
slic3r/Slic3r,1191,1912,1351,561,12.62,156
nanomsg/nng,531,1899,1361,538,14.74,646
crankyoldgit/IRremoteESP8266,862,1896,1892,4,50.0,757
mongodb/mongo,5578,1891,1019,872,2.57,98
acidanthera/OpenCorePkg,2247,1881,1324,557,0.0,188
ggml-org/whisper.cpp,5012,1879,1692,187,4.1,210
electronicarts/CnC_Generals_Zero_Hour,1347,1871,0,1871,0.0,0
carbon-language/carbon-lang,1602,1865,1322,543,64.74,353
danielkrupinski/Osiris,1027,1848,807,1041,13.25,107
rethinkdb/rethinkdb,1912,1836,898,938,28.12,286
hashcat/hashcat,3323,1799,1645,154,89.09,866
pavel-odintsov/fastnetmon,565,1786,44,1742,0.0,42
tectonic-typesetting/tectonic,175,1786,389,1397,2.51,284
tesseract-ocr/tesseract,9999,1784,244,1540,0.26,48
tvheadend/tvheadend,904,1765,1113,652,42.96,235
ApolloAuto/apollo,9720,1747,1000,747,6.27,274
qbittorrent/qBittorrent,3159,1747,1134,613,43.29,289
mysql/mysql-server,4097,1741,334,1407,2.09,31
hyprwm/Hyprland,1484,1735,1036,699,36.22,227
hishamhm/htop,554,1734,35,1699,1.16,7
realsenseai/librealsense,4860,1732,1543,189,0.0,149
portapack-mayhem/mayhem-firmware,785,1713,1107,606,45.26,212
xournalpp/xournalpp,967,1704,1636,68,23.6,191
containers/crun,384,1695,1633,62,95.97,757
google/or-tools,2338,1684,680,1004,19.16,182
BandarHL/BHTwitter,519,1677,30,1647,1.79,1
OnionUI/Onion,299,1674,1535,139,0.0,204
crosire/reshade,571,1671,427,1244,25.2,51
kiwibrowser/src.next,518,1653,185,1468,6.56,36
flameshot-org/flameshot,1863,1646,684,962,19.3,227
PufferAI/PufferLib,321,1596,568,1028,5.51,59
cvxpy/cvxpy,1103,1590,1555,35,0.0,436
stenzek/duckstation,835,1588,400,1188,8.76,102
rizinorg/cutter,1332,1588,1585,3,0.0,534
microsoft/AirSim,4592,1578,472,1106,18.26,100
moonlight-stream/moonlight-android,700,1543,92,1451,5.9,6
riscv-software-src/riscv-isa-sim,915,1540,887,653,8.54,309
Squirrel/Squirrel.Windows,1011,1529,583,946,0.32,98
GNOME/gimp,835,1527,1,1526,0.0,1
leejet/stable-diffusion.cpp,465,1510,627,883,30.36,156
scylladb/seastar,1607,1508,91,1417,6.03,4
google/pebble,302,1508,1,1507,0.0,1
PowerDNS/pdns,975,1491,1153,338,71.52,301
1technophile/OpenMQTTGateway,841,1490,1408,82,0.0,735
microsoft/calculator,5663,1478,448,1030,7.04,138
CloudCompare/CloudCompare,1139,1476,1444,32,0.0,539
AlexandreRouma/SDRPlusPlus,703,1467,348,1119,0.09,34
microsoft/DirectX-Graphics-Samples,2088,1464,1122,342,8.56,291
flashinfer-ai/flashinfer,578,1441,1424,17,5.56,564
odriverobotics/ODrive,1556,1430,1373,57,83.09,212
bitcoin-core/secp256k1,1067,1424,588,836,41.0,229
riscv-collab/riscv-gnu-toolchain,1232,1409,306,1103,0.99,203
LadybirdBrowser/ladybird,2570,1398,1127,271,79.47,438
brndnmtthws/conky,640,1385,1286,99,37.74,710
raysan5/raylib,2797,1384,947,437,3.32,76
justcallmekoko/ESP32Marauder,993,1374,951,423,18.34,276
78/xiaozhi-esp32,4469,1368,411,957,19.44,123
justadudewhohacks/opencv4nodejs,801,1367,485,882,7.84,114
facebook/hhvm,3214,1365,877,488,35.62,159
darktable-org/darktable,1228,1332,1223,109,0.0,357
directvt/vtm,75,1307,1260,47,2.08,170
Tencent/MMKV,1971,1299,1227,72,1.37,212
drh/lcc,487,1297,24,1273,1.85,1
CoatiSoftware/Sourcetrail,1598,1293,307,986,0.0,105
luanti-org/luanti,2186,1292,447,845,10.39,81
urho3d/urho3d,989,1284,357,927,0.75,34
Flipper-XFW/Xtreme-Firmware,716,1283,966,317,0.0,101
cesanta/mongoose,2784,1280,1181,99,23.26,951
zufuliu/notepad4,284,1276,27,1249,0.0,1
openvswitch/ovs,1891,1268,475,793,2.46,22
yshui/picom,320,1267,789,478,29.08,166
google/zopfli,332,1251,13,1238,1.04,6
NVIDIA/cutlass,1458,1235,243,992,8.49,92
notepad-plus-plus/notepad-plus-plus,4989,1235,1045,190,83.41,407
qTox/qTox,1082,1231,248,983,1.01,50
VCVRack/Rack,405,1221,30,1191,2.46,1
gameplay3d/gameplay,1327,1219,963,256,35.19,199
hoffstadt/DearPyGui,766,1211,858,353,0.56,300
opentoonz/opentoonz,593,1211,138,1073,3.51,74
fireice-uk/xmr-stak,1672,1209,1026,183,72.93,490
endless-sky/endless-sky,1171,1209,256,953,15.74,28
royshil/obs-backgroundremoval,252,1191,1097,94,54.81,246
facebook/igl,196,1187,93,1094,2.67,54
bdwgc/bdwgc,422,1186,31,1155,0.09,2
chjj/compton,244,1172,57,1115,3.71,5
nodemcu/nodemcu-firmware,3068,1171,1168,3,80.0,110
Genymobile/scrcpy,12497,1165,821,344,14.64,150
tmk/tmk_keyboard,1290,1162,271,891,10.36,29
Cyan4973/xxHash,879,1161,1155,6,0.0,291
x64dbg/x64dbg,2737,1160,879,281,68.92,288
supertuxkart/stk-code,1152,1159,377,782,6.24,51
electronicarts/CnC_Remastered_Collection,5404,1148,2,1146,0.0,2
openbsd/src,926,1147,0,1147,0.0,0
clab/dynet,684,1145,736,409,7.47,257
owasp-modsecurity/ModSecurity,1681,1129,422,707,10.17,100
Ardour/ardour,796,1119,185,934,8.16,30
jetkvm/kvm,245,1115,804,311,9.86,290
AcademySoftwareFoundation/openvdb,680,1114,799,315,56.37,243
google/honggfuzz,530,1103,331,772,29.75,73
cloudwu/skynet,4195,1102,531,571,4.67,106
apache/nuttx,1387,1092,219,873,1.24,144
ps2homebrew/Open-PS2-Loader,298,1085,439,646,38.77,102
KhronosGroup/Vulkan-Samples,772,1084,709,375,57.67,156
google/skia,1483,1080,193,887,12.27,75
projectM-visualizer/projectm,431,1078,1062,16,96.65,224
PrismLauncher/PrismLauncher,871,1072,660,412,2.83,428
raspberrypi/pico-sdk,1125,1070,1038,32,0.0,468
facebookresearch/faiss,4138,1068,1051,17,0.0,337
bellard/quickjs,908,1068,31,1037,2.81,2
phpredis/phpredis,2170,1066,992,74,8.64,480
BruceDevices/firmware,1233,1061,564,497,51.93,112
signalwire/freeswitch,1596,1060,658,402,13.55,479
iovisor/bcc,3881,1058,1044,14,94.42,756
cmu-db/bustub,1938,1050,1031,19,32.14,348
raulmur/ORB_SLAM2,4182,1049,111,938,10.58,14
solokeys/solo1,314,1046,568,478,11.65,126
fontforge/fontforge,741,1025,1024,1,99.08,376
leela-zero/leela-zero,999,1015,229,786,11.69,97
electronicarts/CnC_Red_Alert,1280,1012,0,1012,0.0,0
shadowsocks/shadowsocks-libev,6032,1006,328,678,10.67,99
zmap/zmap,923,996,863,133,0.0,194
hanwckf/rt-n56u,1746,970,260,710,26.04,72
microsoft/DirectXShaderCompiler,700,967,514,453,22.56,187
openthread/openthread,1105,962,770,192,72.13,389
rime/weasel,605,962,552,410,56.38,202
swaywm/sway,1199,959,302,657,5.06,93
snes9xgit/snes9x,406,946,202,744,13.19,17
vesoft-inc/nebula,1290,942,815,127,29.44,234
documentdb/documentdb,170,931,810,121,3.97,107
ntop/nDPI,880,928,233,695,6.96,81
ggreer/the_silver_searcher,1487,926,428,498,8.96,74
cemu-project/Cemu,696,926,102,824,9.15,20
libimobiledevice/libimobiledevice,1377,920,66,854,3.06,15
sebastianstarke/AI4Animation,1110,909,0,909,0.0,0
greatscottgadgets/hackrf,1596,908,606,302,56.73,94
karpathy/llama2.c,2243,899,213,686,19.01,47
opencv/opencv_contrib,5706,898,412,486,43.42,93
ish-app/ish,1217,885,236,649,14.83,50
Vita3K/Vita3K,446,882,568,314,58.52,427
ricochet-im/ricochet,392,879,9,870,1.02,4
hedge-dev/UnleashedRecomp,205,878,876,2,75.0,322
ideawu/ssdb,1404,823,740,83,2.35,239
MultiMC/Launcher,673,820,346,474,7.78,80
mgba-emu/mgba,792,813,139,674,4.26,5
FrictionalGames/AmnesiaTheDarkDescent,349,809,0,809,0.0,0
htacg/tidy-html5,459,807,570,237,1.25,133
pymumu/smartdns,1199,798,122,676,10.34,23
libuv/libuv,3839,791,152,639,1.24,63
fogleman/Craft,1419,791,87,704,5.12,8
facebook/hermes,732,783,197,586,7.13,128
bkaradzic/bgfx,1988,763,415,348,51.4,229
OpenAtomFoundation/pikiwidb,1127,761,393,368,0.0,246
audacity/audacity,2477,759,578,181,38.64,101
mobile-shell/mosh,751,752,192,560,21.57,50
ZSWatch/ZSWatch,269,741,719,22,26.67,221
InfiniTimeOrg/InfiniTime,1009,736,474,262,16.03,132
microsoft/winfile,725,729,203,526,23.55,53
FastLED/FastLED,1652,729,669,60,17.81,207
atc1441/ATC_MiThermometer,290,723,1,722,0.0,1
RainerKuemmerle/g2o,1120,723,700,23,11.54,217
checkra1n/PongoOS,406,716,140,576,6.49,16
Netflix/dynomite,537,714,676,38,44.93,184
rogerclarkmelbourne/Arduino_STM32,1216,710,242,468,31.18,59
DistroAV/DistroAV,416,708,699,9,43.75,123
palera1n/palera1n,699,707,192,515,8.85,17
me-no-dev/ESPAsyncWebServer,1076,706,67,639,4.63,10
gnuradio/gnuradio,1979,706,592,114,22.97,178
google-ai-edge/mediapipe,5570,704,71,633,7.86,26
google/leveldb,8027,699,89,610,3.33,13
NVIDIAGameWorks/Falcor,552,698,492,206,0.0,58
grbl/grbl,2208,693,218,475,18.94,22
FIX94/Nintendont,327,692,108,584,10.02,8
FEX-Emu/FEX,205,678,642,36,0.0,228
srsran/srsRAN_4G,1169,678,509,169,19.52,43
CMU-Perceptual-Computing-Lab/openpose,7934,674,269,405,35.3,32
olive-editor/olive,602,670,624,46,0.0,71
BespokeSynth/BespokeSynth,269,669,656,13,98.03,482
Next-Flip/Momentum-Firmware,410,660,520,140,0.0,50
MidnightCommander/mc-old,383,655,81,574,0.0,6
littlefs-project/littlefs,900,653,506,147,16.95,112
cisco/openh264,1783,650,362,288,0.0,36
c3lang/c3c,312,650,647,3,90.32,450
google/guetzli,1021,639,95,544,9.93,7
EtchedPixels/FUZIX,273,634,438,196,69.09,57
barry-ran/QtScrcpy,3331,626,608,18,0.0,71
mpv-player/mpv,3247,624,258,366,2.92,61
capstone-engine/capstone,1576,611,349,262,40.86,62
labwc/labwc,190,609,590,19,96.56,361
NVIDIA/nccl,1037,606,58,548,3.01,32
lewissbaker/cppcoro,444,605,250,355,18.39,30
sogou/workflow,2589,603,173,430,0.69,29
LumaTeam/Luma3DS,579,603,154,449,13.82,33
VirusTotal/yara,1517,601,563,38,17.39,137
davatorium/rofi,621,600,569,31,68.37,92
conorpp/u2f-zero,200,600,8,592,0.84,2
pbatard/rufus,3009,597,50,547,0.0,21
XProger/OpenLara,373,594,1,593,0.0,1
seL4/seL4,715,592,517,75,0.0,244
xlite-dev/lite.ai.toolkit,791,586,584,2,0.0,153
apache/incubator-weex,1795,585,551,34,0.0,78
mit-pdos/xv6-public,4069,578,8,570,1.38,1
wjakob/nanogui,578,577,45,532,6.83,12
kbengine/kbengine,2367,577,70,507,7.31,7
NVIDIA/TensorRT,2294,576,556,20,95.36,155
nmslib/hnswlib,777,567,332,235,11.32,48
microsoft/Windows-driver-samples,5003,557,529,28,0.0,176
MTG/essentia,574,556,400,156,0.64,54
premake/premake-core,640,555,502,53,88.91,330
Zelda64Recomp/Zelda64Recomp,301,552,494,58,0.0,131
octalmage/robotjs,938,552,243,309,11.97,49
mmp/pbrt-v3,1175,546,89,457,8.23,16
knolleary/pubsubclient,1318,540,68,472,12.43,6
ariya/phantomjs,5709,535,336,199,34.75,134
itinance/react-native-fs,894,534,12,522,0.38,9
wwmm/easyeffects,327,534,532,2,99.19,328
raspberrypi/pico-examples,961,531,363,168,42.66,151
rime/librime,635,531,105,426,0.47,44
pybind/pybind11,2298,530,503,27,72.16,284
ANYbotics/grid_map,779,529,490,39,15.22,117
ShahjalalShohag/code-library,832,520,3,517,0.0,2
the-tcpdump-group/libpcap,883,520,124,396,5.71,27
Tencent/rapidjson,3510,515,507,8,27.27,112
apache/thrift,4000,509,400,109,21.58,215
alibaba/MNN,2128,502,500,2,0.0,168
unicorn-engine/unicorn,1397,501,103,398,6.35,31
facontidavide/PlotJuggler,680,496,461,35,66.35,80
bilibili/ijkplayer,7954,496,112,384,14.09,12
pqrs-org/Karabiner-Elements,883,495,410,85,28.57,42
ZLMediaKit/ZLMediaKit,3854,494,478,16,48.39,160
facebook/yoga,1493,491,243,248,22.5,121
cartographer-project/cartographer,2196,490,95,395,10.43,29
n64decomp/sm64,1084,485,55,430,11.34,7
Nevcairiel/LAVFilters,799,482,33,449,0.0,2
sqlitebrowser/sqlitebrowser,2309,481,347,134,0.0,124
lua/lua,1810,470,75,395,0.0,3
sqfmi/Watchy,362,466,38,428,0.0,15
azahar-emu/azahar,343,463,138,325,24.59,82
UberGuidoZ/Flipper,3457,460,393,67,33.66,127
wireshark/wireshark,2000,452,220,232,12.45,9
anbox/anbox,1133,451,80,371,15.1,35
nginx/nginx,7680,449,184,265,0.75,14
jerryscript-project/jerryscript,720,449,357,92,12.38,225
Tencent/mars,3541,443,441,2,0.0,128
s-matyukevich/raspberry-pi-os,1321,439,0,439,0.0,0
antirez/dump1090,552,435,39,396,7.04,2
mpaland/printf,467,432,34,398,7.87,5
KhronosGroup/glslang,890,431,429,2,93.75,315
NicoHood/HID,397,423,71,352,0.85,12
google/draco,991,423,380,43,0.0,181
solvespace/solvespace,529,419,195,224,42.71,69
ninja-build/ninja,1752,417,132,285,0.0,35
openMVG/openMVG,1653,411,380,31,0.0,45
HandBrake/HandBrake,1565,409,386,23,0.0,67
arthenica/ffmpeg-kit,1975,407,286,121,19.87,58
Chikage0o0/Linux-NetSpeed,1661,404,35,369,8.66,2
DaveGamble/cJSON,3418,400,380,20,0.0,41
openresty/lua-nginx-module,2049,396,323,73,0.0,128
ClassicOldSong/Apollo,172,395,9,386,0.77,7
sumatrapdfreader/sumatrapdf,1817,394,316,78,1.27,72
viabtc/viabtc_exchange_server,1447,394,64,330,16.24,14
littlekernel/lk,728,392,258,134,22.99,71
telekom-security/tpotce,1303,392,391,1,0.0,44
microsoft/winget-cli,1700,391,376,15,0.0,98
SoftEtherVPN/SoftEtherVPN,2742,383,170,213,35.06,91
id-Software/DOOM,2515,383,7,376,1.83,1
paceholder/nodeeditor,881,382,232,150,48.28,76
merbanan/rtl_433,1421,381,295,86,41.5,152
jiangdongguo/AndroidUSBCamera,875,379,23,356,6.07,3
acidanthera/AppleALC,1079,378,377,1,50.0,63
OpenVPN/openvpn,3223,377,239,138,0.0,59
panda3d/panda3d,817,375,230,145,17.14,42
checkpoint-restore/criu,654,375,84,291,5.21,10
gnea/grbl,1468,374,23,351,6.15,4
xoseperez/espurna,626,373,341,32,30.43,66
yarrick/iodine,559,368,66,302,10.39,4
espruino/Espruino,781,363,311,52,7.14,139
kripken/ammo.js,544,362,37,325,0.31,21
virtio-win/kvm-guest-drivers-windows,407,362,360,2,33.33,104
vysheng/tg,1456,358,102,256,20.0,8
lsalzman/enet,641,356,19,337,5.34,4
DPDK/dpdk,1359,355,32,323,0.0,3
joncampbell123/dosbox-x,460,355,339,16,5.88,88
libffi/libffi,700,352,100,252,21.74,26
termux/termux-x11,464,350,268,82,14.58,206
BitMaker-hub/NerdMiner_v2,519,348,231,117,20.41,36
Bodmer/TFT_eSPI,1225,347,91,256,0.78,20
opentrack/opentrack,514,344,208,136,30.26,36
acaudwell/Gource,796,343,1,342,0.0,1
Arduino-IRremote/Arduino-IRremote,1749,342,234,108,28.48,37
vedderb/bldc,1512,340,246,94,58.41,49
OpenKinect/libfreenect,1072,339,221,118,50.83,57
sandboxie-plus/Sandboxie,1784,337,276,61,0.0,121
SchedMD/slurm,708,335,49,286,0.0,3
antirez/linenoise,582,333,2,331,0.6,1
guanzhi/GmSSL,1720,331,205,126,19.23,80
wxWidgets/wxWidgets,1817,328,267,61,0.0,25
upx/upx,1474,328,39,289,0.0,10
neutrinolabs/xrdp,2778,324,134,190,12.84,39
id-Software/Quake,957,322,0,322,0.0,0
SpacehuhnTech/esp8266_deauther,2687,321,240,81,7.95,28
d0k3/GodMode9,240,321,148,173,19.16,32
tindy2013/subconverter,2994,321,54,267,13.31,7
sqlcipher/sqlcipher,1251,317,7,310,0.0,1
guillaumechereau/goxel,292,313,60,253,19.17,4
rhasspy/piper,849,312,90,222,21.28,3
spotify/annoy,1258,311,307,4,0.0,128
asb2m10/dexed,260,309,139,170,26.09,17
libfuse/sshfs,527,308,7,301,0.0,3
tile-ai/tilelang,330,307,133,174,0.0,60
tdlib/telegram-bot-api,745,307,30,277,9.77,2
facebookarchive/scribe,725,306,0,306,0.0,0
WiringPi/WiringPi,1190,306,253,53,36.14,45
aseprite/aseprite,7673,305,275,30,18.92,104
flashlight/wav2letter,1008,305,34,271,0.73,21
ayoubfaouzi/al-khaser,1249,303,301,2,94.12,126
pond3r/ggpo,355,302,53,249,10.75,7
tmux/tmux,2410,301,32,269,0.74,3
sass/node-sass,1260,301,298,3,50.0,188
tensorflow/serving,2170,299,73,226,2.16,64
stlink-org/stlink,1259,298,294,4,91.3,41
madler/zlib,2419,296,94,202,14.41,5
praydog/REFramework,433,295,206,89,0.0,15
open-sdr/openwifi,733,294,290,4,82.61,38
EyalAr/lwip,243,293,135,158,4.24,21
aria2/aria2,3859,291,197,94,0.0,107
valinet/ExplorerPatcher,1267,290,18,272,5.23,3
PerformanC/ReZygisk,247,287,203,84,19.23,32
TASEmulators/desmume,479,286,32,254,10.56,5
phusion/passenger,565,286,182,104,22.39,34
traviscross/mtr,323,285,31,254,0.0,15
ethz-asl/kalibr,1399,282,123,159,0.0,42
NVIDIA-Omniverse/PhysX,534,275,19,256,0.39,10
cdcseacave/openMVS,836,274,183,91,0.0,32
throneproj/Throne,185,273,229,44,63.64,76
id-Software/quake2-rerelease-dll,193,270,30,240,11.11,2
ahrm/sioyek,293,268,0,268,0.0,0
google/flatbuffers,3450,267,205,62,18.42,73
bulletphysics/bullet3,2952,267,115,152,37.96,41
darkk/redsocks,512,265,39,226,14.72,2
polybar/polybar,704,265,188,77,28.7,35
proot-me/proot,449,264,165,99,13.16,36
memononen/nanovg,731,261,15,246,5.75,2
open-mpi/ompi,880,253,92,161,0.0,51
LongSoft/UEFITool,701,249,56,193,0.0,18
jp9000/OBS,849,249,49,200,13.42,7
baidu/dperf,549,248,204,44,82.04,165
axboe/liburing,478,244,14,230,5.74,13
zyantific/zydis,480,243,242,1,0.0,98
ultrajson/ultrajson,359,242,117,125,20.89,70
beanstalkd/beanstalkd,847,241,148,93,0.0,96
medusalix/xone,131,239,43,196,16.24,8
xdp-project/xdp-tutorial,622,239,229,10,0.0,34
isledecomp/isle,161,239,77,162,16.49,18
eclipse-mosquitto/mosquitto,2518,238,197,41,0.0,32
mattn/go-sqlite3,1141,238,192,46,30.3,77
wang-xinyu/tensorrtx,1841,235,76,159,0.0,14
citizenfx/fivem,2485,234,198,36,63.27,38
adafruit/Adafruit-GFX-Library,1314,234,104,130,5.8,19
R3nzTheCodeGOD/R3nzSkin,742,233,67,166,18.23,5
RfidResearchGroup/proxmark3,1212,231,191,40,25.93,36
NoiseByNorthwest/php-spx,132,227,209,18,0.0,104
k4zmu2a/SpaceCadetPinball,198,226,15,211,6.64,10
dlundquist/sniproxy,407,222,211,11,0.0,41
namhyung/uftrace,559,221,47,174,10.31,32
mozilla/mozjpeg,446,216,197,19,89.62,31
jmpews/Dobby,906,213,15,198,7.04,4
tdlib/td,1891,213,21,192,9.86,6
daijro/camoufox,373,213,30,183,14.08,1
microsoft/GW-BASIC,510,213,0,213,0.0,0
glfw/glfw,5131,212,113,99,21.43,19
epezent/implot,605,211,207,4,75.0,33
eclipse-sumo/sumo,1640,211,181,30,59.46,70
moonlight-stream/moonlight-qt,897,210,83,127,14.19,46
seemoo-lab/nexmon,478,209,119,90,49.72,12
rui314/8cc,806,207,10,197,4.83,8
zealdocs/zeal,835,205,190,15,46.43,39
snapcast/snapcast,510,205,132,73,0.0,13
vmg/redcarpet,528,203,121,82,26.79,59
HKUST-Aerial-Robotics/VINS-Fusion,1384,203,0,203,0.0,0
love2d/love,527,203,46,157,22.66,3
madMAx43v3r/chia-plotter,567,202,124,78,32.17,31
AutoHotkey/AutoHotkey,1079,200,71,129,23.21,11
ffmpegwasm/ffmpeg.wasm,1010,199,105,94,27.69,72
webview/webview,1063,197,101,96,0.0,28
saminiir/level-ip,412,196,194,2,0.0,8
saki4510t/UVCCamera,1194,196,8,188,2.59,4
intel/haxm,918,194,188,6,71.43,110
PlummersSoftwareLLC/Primes,606,194,184,10,50.0,22
cjdelisle/cjdns,576,193,164,29,73.39,13
zhongyang219/TrafficMonitor,3476,191,10,181,5.24,4
strongswan/strongswan,814,189,106,83,17.0,22
TTimo/doom3.gpl,921,188,17,171,8.56,3
ARMmbed/DAPLink,1028,188,120,68,38.74,13
nesbox/TIC-80,562,188,149,39,37.1,44
tzapu/WiFiManager,1975,186,133,53,44.79,11
dusty-nv/jetson-inference,3048,184,38,146,0.0,3
liuliu/ccv,1252,184,92,92,24.59,4
rui314/chibicc,1037,184,0,184,0.0,0
mcmilk/7-Zip-zstd,348,184,57,127,30.98,15
openai/retro,527,183,78,105,0.0,18
acidanthera/WhateverGreen,612,183,66,117,11.36,17
ZipArchive/ZipArchive,1257,182,150,32,0.0,76
fmtlib/fmt,2776,179,168,11,0.0,105
karlstav/cava,264,176,65,111,36.57,13
lxc/lxc,1126,176,49,127,6.62,18
Kitt-AI/snowboy,879,175,145,30,3.23,42
HKUST-Aerial-Robotics/VINS-Mono,2059,174,6,168,3.45,1
360Controller/360Controller,536,174,71,103,33.12,7
djkaty/Il2CppInspector,405,174,0,174,0.0,0
CTCaer/hekate,583,174,2,172,1.15,2
ztxz16/fastllm,427,173,142,31,81.87,45
sabrogden/Ditto,322,171,167,4,20.0,58
imbushuo/mac-precision-touchpad,624,171,154,17,15.0,31
johnxnguyen/Down,341,170,166,4,0.0,29
TranslucentTB/TranslucentTB,1213,169,151,18,0.0,13
TheWover/donut,707,169,163,6,87.23,15
TheAlgorithms/C,4709,166,163,3,25.0,46
redis/hiredis,1837,164,145,19,53.66,68
NVIDIA/FasterTransformer,844,163,99,64,31.91,43
saitoha/libsixel,78,162,34,128,0.0,14
UZ-SLAMLab/ORB_SLAM3,2676,162,37,125,21.88,5
damonkohler/sl4a,729,161,30,131,18.63,1
mindspore-ai/mindspore,726,161,36,125,0.0,9
eunomia-bpf/bpf-developer-tutorial,533,159,156,3,0.0,33
geany/geany,643,159,43,116,0.0,32
hku-mars/FAST-LIVO2,523,157,44,113,28.03,3
davidrmiller/biosim4,476,155,90,65,31.58,12
rswier/c4,1439,155,1,154,0.65,1
hku-mars/FAST_LIO,1020,151,32,119,21.19,4
ValdikSS/GoodbyeDPI,2198,150,40,110,8.33,2
microsoft/Detours,1097,148,64,84,0.0,24
fw876/helloworld,2598,145,117,28,12.5,102
xiph/rnnoise,851,145,40,105,27.59,2
skypjack/entt,1016,142,98,44,10.2,16
catchorg/Catch2,3293,136,82,54,35.71,33
doxygen/doxygen,1336,132,102,30,0.0,72
scottbez1/smartknob,1203,131,115,16,27.27,19
unikraft/unikraft,1429,130,112,18,0.0,18
libopencm3/libopencm3,1007,130,14,116,0.85,4
hexchat/hexchat,553,129,98,31,6.06,17
google/security-research,525,128,110,18,50.0,48
OpenTTD/OpenTTD,1050,128,111,17,0.0,24
uNetworking/uWebSockets,1835,127,74,53,0.0,9
pgbouncer/pgbouncer,505,127,33,94,0.0,18
asterisk/asterisk,1114,126,62,64,0.0,7
woltapp/blurhash,361,125,119,6,0.0,83
akheron/jansson,859,125,83,42,26.32,39
gentilkiwi/mimikatz,3976,123,3,120,2.44,2
osqzss/gps-sdr-sim,821,122,49,73,35.4,6
MiSTer-devel/Main_MiSTer,330,122,6,116,4.92,4
linux-can/can-utils,736,120,108,12,90.0,22
facebook/watchman,1092,120,114,6,50.0,74
antirez/sds,514,120,1,119,0.83,1
jonls/redshift,423,118,112,6,50.0,57
Ettercap/ettercap,508,118,41,77,28.04,6
Chlumsky/msdfgen,444,118,36,82,25.45,13
trojan-gfw/trojan,3087,117,81,36,30.77,15
jemalloc/jemalloc,1506,114,30,84,0.0,4
DayBreak-u/chineseocr_lite,2251,114,17,97,0.0,17
sass/libsass,517,113,42,71,8.97,32
oceanbase/miniob,1526,113,61,52,0.0,14
google/liquidfun,661,113,0,113,0.0,0
ProtonVPN/android-app,423,110,32,78,0.0,3
TelegramMessenger/MTProxy,971,108,3,105,2.78,2
davisking/dlib,3075,108,91,17,10.53,16
ArtifexSoftware/mupdf,408,108,1,107,0.0,1
HardySimpson/zlog,688,107,9,98,8.41,3
HKUST-Aerial-Robotics/Fast-Planner,703,107,5,102,4.67,1
schwabe/ics-openvpn,1275,107,63,44,40.54,4
psycopg/psycopg2,520,106,66,40,0.0,27
vivien/i3blocks,165,104,11,93,7.92,2
surge-synthesizer/surge,432,104,90,14,17.65,55
stephane/libmodbus,1822,103,49,54,25.0,8
chenshuo/muduo,5267,102,63,39,38.1,4
dunst-project/dunst,368,102,80,22,21.43,11
Haivision/srt,865,102,98,4,0.0,15
google-deepmind/lab,1399,101,27,74,26.0,4
valkey-io/valkey,997,101,77,24,55.56,11
id-Software/Quake-2,693,98,0,98,0.0,0
cppla/ServerStatus,923,97,49,48,25.0,9
ssloy/tinyrenderer,2186,97,40,57,1.72,3
oguzhaninan/Stacer,633,96,0,96,0.0,0
microsoft/mimalloc,992,96,34,62,0.0,5
dekuNukem/Nintendo_Switch_Reverse_Engineering,211,96,74,22,77.08,27
bblanchon/ArduinoJson,1186,96,13,83,0.0,2
libevent/libevent,3340,95,73,22,0.0,31
nmap/nmap,2706,95,39,56,41.05,3
i3/i3,787,95,80,15,0.0,31
ExistentialAudio/BlackHole,728,95,91,4,0.0,9
tjanczuk/edge,603,95,15,80,6.98,5
htop-dev/htop,535,94,22,72,0.0,11
stephenfewer/ReflectiveDLLInjection,713,93,0,93,0.0,0
abishekvashok/cmatrix,463,92,74,18,0.0,12
giltene/wrk2,372,90,19,71,16.47,3
jgamblin/Mirai-Source-Code,3437,89,30,59,33.71,1
slact/nchan,293,89,48,41,22.64,3
ValveSoftware/GameNetworkingSockets,674,88,0,88,0.0,0
albfan/miraclecast,429,86,84,2,96.15,30
stanfordnlp/GloVe,1510,86,5,81,0.0,5
MatsuriDayo/nekoray,1487,86,0,86,0.0,0
machyve/xhyve,359,85,46,39,31.58,6
OpenGenus/cosmos,3598,85,84,1,97.96,55
snesrev/zelda3,361,84,32,52,0.0,13
json-c/json-c,1079,84,82,2,0.0,6
nihui/waifu2x-ncnn-vulkan,226,84,47,37,0.0,23
lltcggie/waifu2x-caffe,843,81,33,48,5.88,4
antirez/kilo,931,80,2,78,2.5,1
pqrs-org/Karabiner-archived,305,80,2,78,2.5,1
wg/wrk,3063,80,29,51,36.25,2
espeak-ng/espeak-ng,1112,79,54,25,0.0,19
akopytov/sysbench,1089,79,26,53,23.19,8
szad670401/HyperLPR,2016,79,43,36,0.0,42
lava/matplotlib-cpp,1056,79,6,73,7.59,3
vaibhavpandeyvpz/apkstudio,564,78,75,3,91.18,12
nothings/stb,8159,78,69,9,83.02,13
taviso/loadlibrary,390,78,41,37,52.56,5
laserpants/qt-material-widgets,738,76,30,46,39.47,1
markparticle/WebServer,698,76,75,1,0.0,26
the-tcpdump-group/tcpdump,898,76,49,27,6.9,9
progschj/ThreadPool,2295,75,11,64,14.67,1
AGWA/git-crypt,525,74,36,38,46.48,9
BasedHardware/OpenGlass,515,74,11,63,0.0,7
kdrag0n/safetynet-fix,293,74,43,31,56.94,8
jedisct1/libsodium,1751,74,15,59,3.28,5
twitter/twemproxy,2003,72,40,32,11.11,22
jbeder/yaml-cpp,1944,71,38,33,43.1,12
xroche/httrack,737,71,16,55,0.0,1
TixiaoShan/LIO-SAM,1377,70,8,62,6.06,2
OpenNMT/CTranslate2,404,70,62,8,0.0,38
google/re2,1256,69,61,8,0.0,3
NVIDIA/open-gpu-kernel-modules,1407,69,0,69,0.0,0
jwise/HoRNDIS,348,68,62,6,0.0,5
OpenIntelWireless/itlwm,714,68,17,51,20.31,7
ntop/n2n,1003,67,19,48,0.0,6
espressif/esp32-camera,717,66,65,1,0.0,28
aristocratos/btop,877,65,64,1,96.77,17
homenc/HElib,744,65,55,10,47.37,12
include-what-you-use/include-what-you-use,425,65,62,3,0.0,24
MarlinFirmware/Configurations,3369,64,24,40,37.5,3
xiph/opus,616,64,34,30,0.0,5
KDE/krita,719,63,60,3,0.0,2
robertdavidgraham/masscan,3219,62,51,11,73.17,11
praydog/UEVR,209,62,49,13,23.53,8
ARM-software/ComputeLibrary,789,62,46,16,0.0,46
recastnavigation/recastnavigation,1676,62,40,22,0.0,8
mstorsjo/llvm-mingw,226,60,38,22,0.0,7
adafruit/Adafruit_NeoPixel,1244,59,47,12,0.0,12
Airblader/i3,270,59,20,39,30.36,3
risinek/esp32-wifi-penetration-tool,414,58,29,29,48.21,3
baldurk/renderdoc,1447,58,41,17,5.56,4
cztomczak/cefpython,476,58,43,15,25.0,5
JoeyDeVries/LearnOpenGL,2876,58,0,58,0.0,0
BYVoid/OpenCC,1020,57,40,17,0.0,12
mit-pdos/xv6-riscv,3098,57,0,57,0.0,0
coreutils/coreutils,982,53,30,23,0.0,1
mmp/pbrt-v4,564,53,47,6,0.0,9
asg017/sqlite-vec,336,52,34,18,5.26,5
TsudaKageyu/minhook,949,51,26,25,50.98,9
ZBar/ZBar,868,50,39,11,45.0,2
vurtun/nuklear,1154,50,4,46,8.0,1
emcrisostomo/fswatch,338,48,28,20,0.0,8
facebook/redex,702,48,22,26,3.7,15
cnlohr/rawdrawandroid,255,47,46,1,50.0,15
airockchip/rknn-toolkit2,259,47,0,47,0.0,0
apache/age,447,46,45,1,50.0,9
huihut/interview,7805,46,45,1,0.0,5
x64dbg/ScyllaHide,474,45,24,21,47.5,5
ireader/media-server,1087,45,2,43,4.44,2
google/snappy,997,45,0,45,0.0,0
sorayuki/obs-multi-rtmp,601,44,11,33,25.0,1
XorTroll/Goldleaf,387,44,41,3,66.67,8
google/AFL,652,43,25,18,0.0,13
jeelabs/esp-link,707,43,15,28,0.0,3
ufrisk/pcileech,925,43,22,21,50.0,2
gali8/Tesseract-OCR-iOS,878,42,34,8,0.0,6
vk-com/kphp-kdb,211,42,0,42,0.0,0
martinezjavier/ldd3,862,42,39,3,91.67,5
RikkaApps/Riru,601,42,4,38,2.56,3
wiseman/py-webrtcvad,419,41,0,41,0.0,0
ValveSoftware/openvr,1298,41,7,34,15.0,7
KDE/ghostwriter,314,41,25,16,0.0,2
googleprojectzero/winafl,534,40,32,8,0.0,3
EasyHook/EasyHook,660,38,28,10,0.0,8
alexkay/spek,256,38,3,35,2.78,4
mtoyoda/sl,408,38,1,37,2.63,1
rmtheis/tess-two,1306,37,15,22,29.03,4
NVIDIAGameWorks/PhysX,804,37,4,33,5.71,3
mridgers/clink,279,36,10,26,27.78,1
HIllya51/LunaTranslator,998,36,25,11,8.33,9
apple/darwin-xnu,1640,36,0,36,0.0,0
bootleg/ret-sync,281,35,1,34,0.0,1
gnif/LookingGlass,292,35,23,12,0.0,16
espressif/esp-iot-solution,913,35,31,4,0.0,2
NetHack/NetHack,510,35,0,35,0.0,0
hzeller/rpi-rgb-led-matrix,1239,35,3,32,0.0,3
Overv/VulkanTutorial,548,35,31,4,88.57,2
jonashaag/bjoern,192,34,21,13,0.0,5
concurrencykit/ck,329,34,31,3,40.0,21
madler/pigz,166,34,0,34,0.0,0
armory3d/armortools,390,34,27,7,0.0,3
stefanesser/dumpdecrypted,599,33,13,20,39.39,2
google/nsjail,312,33,3,30,3.23,2
videolan/vlc,5595,33,6,27,18.18,2
google/angle,646,32,0,32,0.0,0
shellphish/how2heap,1190,31,22,9,0.0,6
jacksonliam/mjpg-streamer,1178,31,3,28,9.68,1
nodejs/http-parser,1510,29,4,25,0.0,3
FASTSHIFT/X-TRACK,1236,29,9,20,0.0,4
pezy/CppPrimer,1396,28,19,9,25.0,4
kokke/tiny-AES-c,1369,28,17,11,60.71,4
phoboslab/qoi,362,28,2,26,7.14,1
skeeto/endlessh,302,28,0,28,0.0,0
facebook/fishhook,971,27,14,13,0.0,9
Syllo/nvtop,348,27,4,23,0.0,3
abcz316/SKRoot-linuxKernelRoot,821,27,3,24,11.11,1
Wind4/vlmcsd,2475,26,0,26,0.0,0
PointCloudLibrary/pcl,4550,26,22,4,0.0,15
peng-zhihui/L-ink_Card,1758,26,13,13,50.0,1
goldendict/goldendict,805,26,20,6,75.0,6
hedge-dev/XenonRecomp,391,26,24,2,0.0,12
tostercx/GTAO_Booster_PoC,170,26,0,26,0.0,0
oclint/oclint,515,25,0,25,0.0,0
TonyChen56/WeChatRobot,2263,25,0,25,0.0,0
CedricGuillemet/ImGuizmo,894,23,22,1,0.0,7
hufrea/byedpi,271,23,21,2,77.78,6
Meituan-Dianping/SQLAdvisor,1219,22,0,22,0.0,0
lotabout/write-a-C-interpreter,745,22,1,21,0.0,1
libusb/libusb,1915,22,15,7,12.5,6
jart/cosmopolitan,810,22,6,16,0.0,6
deepseek-ai/FlashMLA,897,22,6,16,0.0,2
Xfennec/progress,322,21,20,1,95.24,4
LMDB/lmdb,554,21,0,21,0.0,0
rovo89/Xposed,1478,21,10,11,47.62,2
lettier/3d-game-shaders-for-beginners,1473,20,0,20,0.0,0
zhaojh329/rtty,535,19,1,18,0.0,1
jerryscript-project/iotjs,434,19,2,17,5.56,2
koekeishiya/yabai,690,18,0,18,0.0,0
jellyfin/jellyfin-media-player,337,17,0,17,0.0,0
audiorouterdev/audio-router,395,17,0,17,0.0,0
0xFA11/MultiplayerNetworkingResources,514,17,15,2,87.5,5
zsh-users/zsh,517,17,1,16,0.0,1
ShujiaHuang/Cpp-Primer-Plus-6th,575,17,0,17,0.0,0
Sunzxyong/Tiny,336,16,12,4,0.0,1
mbebenita/Broadway,451,16,8,8,11.11,3
zrax/pycdc,817,16,14,2,50.0,9
EZLippi/WebBench,1100,15,1,14,0.0,1
argman/EAST,1016,15,10,5,0.0,10
bb-qq/r8152,223,15,11,4,0.0,1
samyk/magspoof,590,15,3,12,20.0,1
winshining/nginx-http-flv-module,577,15,9,6,0.0,5
baskerville/bspwm,422,14,1,13,7.14,1
cloudwu/coroutine,656,14,0,14,0.0,0
Maplespe/ExplorerBlurMica,171,14,0,14,0.0,0
gdbinit/MachOView,674,13,2,11,15.38,1
martin-ger/esp_wifi_repeater,928,13,12,1,0.0,1
farbrausch/fr_public,363,13,0,13,0.0,0
robotmedia/RMStore,409,13,2,11,0.0,1
cuber/ngx_http_google_filter_module,805,13,0,13,0.0,0
peng-zhihui/HelloWord-Keyboard,1066,12,1,11,0.0,1
fulldecent/system-bus-radio,435,12,11,1,83.33,9
phoboslab/jsmpeg-vnc,399,12,0,12,0.0,0
phoboslab/wipeout-rewrite,247,11,0,11,0.0,0
shadowsocks/ChinaDNS,1173,11,0,11,0.0,0
FFTW/fftw3,693,10,7,3,0.0,4
F5OEO/rpitx,573,10,4,6,40.0,1
PlatformLab/NanoLog,357,9,3,6,25.0,2
cfenollosa/os-tutorial,3343,9,0,9,0.0,0
tranek/GASDocumentation,936,9,8,1,50.0,2
julycoding/The-Art-Of-Programming-By-July-2nd,6496,9,7,2,77.78,4
shadowsocks/simple-obfs,537,9,1,8,11.11,1
google/lyra,363,8,1,7,0.0,1
google-ar/arcore-android-sdk,1260,8,1,7,0.0,1
applenob/Cpp_Primer_Practice,2005,8,0,8,0.0,0
wuye9036/CppTemplateTutorial,1577,8,7,1,50.0,4
bozbez/win-capture-audio,211,8,0,8,0.0,0
microsoft/SEAL,730,8,2,6,0.0,3
Ysurac/openmptcprouter,312,7,4,3,0.0,3
SamyPesse/How-to-Make-a-Computer-Operating-System,3437,7,0,7,0.0,0
paolo-projects/auto-unlocker,569,7,0,7,0.0,0
rxi/microui,332,7,0,7,0.0,0
helloexp/0day,816,6,2,4,0.0,2
haoel/leetcode,4837,6,0,6,0.0,0
m0nad/Diamorphine,450,6,1,5,0.0,1
blechschmidt/massdns,491,6,2,4,0.0,2
openalpr/openalpr,2508,6,3,3,0.0,3
EpicGamesExt/raddebugger,275,6,0,6,0.0,0
mit-biomimetics/Cheetah-Software,982,5,0,5,0.0,0
CTurt/FreeDVDBoot,166,5,0,5,0.0,0
Aleksoid1978/MPC-BE,131,4,0,4,0.0,0
Perfare/Zygisk-Il2CppDumper,8352,4,0,4,0.0,0
maestron/botnets,748,4,0,4,0.0,0
seetaface/SeetaFaceEngine,1733,4,0,4,0.0,0
wangyu-/udp2raw,1259,4,3,1,0.0,2
kth-competitive-programming/kactl,872,4,1,3,0.0,1
moudey/Shell,194,3,2,1,0.0,1
Nukem9/dlssg-to-fsr3,235,2,0,2,0.0,0
ZachL1/Bilibili-plus,992,2,0,2,0.0,0
ZerBea/hcxtools,438,2,0,2,0.0,0
firmianay/CTF-All-In-One,690,2,1,1,0.0,1
TinyCC/tinycc,454,1,0,1,0.0,0
DualCoder/vgpu_unlock,457,1,0,1,0.0,0
ceres-solver/ceres-solver,1063,1,0,1,0.0,0
USTC-Resource/USTC-Course,3443,1,0,1,0.0,0
